name,blood_type,city,latitude,longitude,phone,last_donation_date
Allison Hill,O+,Multan,30.118633,71.549055,0322719583,2025-11-07
Noah Rhodes,O+,Islamabad,33.693449,73.001078,0339478454,2026-07-31
Angie Henderson,A+,Peshawar,33.984984,71.539888,0338536477,2026-03-24
Daniel Wagner,A+,Islamabad,33.710281,73.013866,0343608513,2026-04-25
Cristian Santos,A+,Lahore,31.480621,74.346693,0355437923,2026-07-22
Connie Lawrence,A-,Multan,30.153442,71.487383,0315918715,2026-02-09
Abigail Shaffer,B+,Peshawar,33.984329,71.481856,0342338687,2026-04-16
Gina Moore,O-,Islamabad,33.672413,73.043241,0327210606,2026-02-13
Gabrielle Davis,B+,Rawalpindi,33.582118,73.037082,0313871230,2025-11-13
Ryan Munoz,O+,Multan,30.131981,71.521126,0384684531,2026-02-28
Monica Herrera,O+,Islamabad,33.657305,73.00111,0342110460,2026-04-27
Jamie Arnold,B+,Peshawar,34.052737,71.506368,0368698256,2026-06-01
Lisa Hensley,A+,Lahore,31.484363,74.383199,0398187926,2025-10-19
Michele Williams,O+,Karachi,24.8469,67.050833,0372525206,2026-07-20
Dylan Miller,B+,Islamabad,33.649684,73.013898,0392065818,2026-01-28
Brian Ramirez,O+,Karachi,24.870289,66.997905,0381192619,2026-06-16
Holly Wood,B+,Multan,30.195979,71.549988,0352871534,2026-03-16
Derek Zuniga,B+,Karachi,24.826516,66.951425,0349398441,2026-05-14
Lisa Jackson,O+,Peshawar,34.056363,71.561952,0384337174,2026-05-27
Carla Gray,B+,Lahore,31.546651,74.362638,0381009594,2026-03-01
Margaret Hawkins DDS,O-,Karachi,24.812648,67.04401,0345017343,2026-07-15
Patty Perez,O+,Rawalpindi,33.602901,73.061595,0372161193,2025-11-14
Ethan Adams,A+,Rawalpindi,33.527939,73.014428,0349852897,2026-01-09
Tommy Walter,B+,Rawalpindi,33.607991,73.042427,0347693979,2026-02-03
Matthew Foster,O+,Karachi,24.900661,66.996249,0316672134,2026-08-03
Judy Baker,O+,Peshawar,34.020492,71.533744,0304841005,2026-07-10
Justin Baker,O+,Islamabad,33.720364,73.004986,0374594297,2025-11-10
Stephanie Ross,A+,Rawalpindi,33.587435,73.055138,0338935169,2026-01-17
Zachary Hicks,A+,Rawalpindi,33.524533,73.032798,0368835373,2026-07-17
Anthony Rodriguez,O+,Multan,30.172846,71.539518,0352833230,2026-04-08
Rebecca Henderson,A+,Rawalpindi,33.534121,73.011761,0348761611,2026-04-08
James Ferrell,A+,Islamabad,33.678713,73.084035,0301247595,2026-06-27
Tricia Valencia,O+,Rawalpindi,33.531731,73.015464,0361983738,2026-05-21
Nathan Maldonado,A-,Karachi,24.810916,66.990142,0375785687,2026-01-09
Debra Davidson,A+,Multan,30.203232,71.574442,0373597059,2026-05-08
Jeffrey Chavez,B+,Lahore,31.49217,74.314548,0306261415,2026-07-15
Sherri Baker,O-,Islamabad,33.692818,73.048185,0321954280,2025-11-26
Cassandra Gaines,O+,Islamabad,33.719534,73.004752,0337774229,2026-06-13
Elizabeth Fowler,A+,Peshawar,33.989722,71.534352,0369770838,2026-03-05
Brittany Farmer,O+,Lahore,31.490826,74.380319,0363195773,2026-03-13
Paula Moreno,O+,Karachi,24.842318,67.026286,0372677407,2026-07-07
Fred Smith,A-,Peshawar,33.986415,71.50142,0315098412,2026-02-05
Sherry Decker,B+,Lahore,31.486175,74.392074,0399874152,2026-08-09
Anthony Humphrey,B+,Multan,30.18921,71.504838,0325437001,2026-06-15
Angelica Tucker,O+,Islamabad,33.708642,73.013445,0336752576,2026-05-01
Philip Cannon,A+,Multan,30.170924,71.501298,0302548511,2026-01-09
John Pierce,O+,Lahore,31.474809,74.342056,0343710895,2025-12-30
Shane Henderson,O+,Peshawar,34.035667,71.530991,0321604451,2026-02-05
Joshua Blair,O+,Peshawar,34.020353,71.517879,0351669324,2026-02-11
Eric Carney,A+,Rawalpindi,33.583307,73.033593,0387817881,2026-05-26
Jessica Holmes,AB+,Rawalpindi,33.601561,73.064521,0361415846,2026-05-14
Danny Morgan,A+,Multan,30.199949,71.553139,0335476257,2026-05-24
Crystal Robinson,O-,Multan,30.11831,71.562117,0334348276,2025-12-21
Mark Perez,O+,Lahore,31.500919,74.388235,0304240180,2026-01-21
Shannon Jones,B+,Lahore,31.49826,74.315642,0359546409,2026-01-21
Michael Lewis,A-,Multan,30.205615,71.528522,0315382463,2026-05-14
Timothy Duncan,O+,Peshawar,34.061353,71.501447,0366799667,2026-03-06
Richard Aguirre,A+,Karachi,24.871321,67.002242,0394188992,2026-04-05
Brent Jordan,A-,Islamabad,33.705279,72.998069,0384305700,2026-02-08
John Daniel,O+,Karachi,24.817697,67.017524,0353090865,2026-03-13
Victoria Garcia,A+,Peshawar,33.996028,71.515739,0343135534,2026-05-07
Gerald Hensley,B+,Karachi,24.877193,66.989015,0326049101,2026-01-18
Connor West,O+,Peshawar,34.048473,71.505287,0396406444,2025-12-18
Donald Wright,A+,Karachi,24.854916,66.97247,0322422633,2026-03-21
Jessica Callahan,O+,Peshawar,34.031485,71.536826,0336207974,2026-04-20
Amber Kidd,AB-,Rawalpindi,33.529835,72.971521,0392221854,2025-12-23
Tracy House,B+,Karachi,24.899314,67.008667,0369294272,2026-01-21
Carol Tucker,O-,Rawalpindi,33.529857,73.035662,0318132769,2026-04-23
James Brown,A+,Rawalpindi,33.595511,73.036491,0385180853,2026-06-12
William Baker,A+,Karachi,24.824034,66.997564,0386323376,2025-12-30
Jordan Henderson,A+,Peshawar,34.046601,71.564102,0388481188,2026-05-24
Whitney Peters,B+,Multan,30.193649,71.519907,0349745959,2025-12-08
Brittney Phillips,B+,Multan,30.131425,71.518887,0335558623,2026-02-23
Lauren Daniels,O+,Lahore,31.559703,74.316758,0363563646,2026-04-26
Amy Silva,A+,Islamabad,33.675887,73.030988,0304470105,2026-01-10
Sarah Moore,B+,Karachi,24.901184,67.009508,0397381734,2025-12-12
Angela Lopez,A+,Islamabad,33.728674,73.027761,0364700025,2025-12-07
Megan Young,A+,Rawalpindi,33.542394,73.015464,0363768991,2025-12-17
Steve Sanchez,A-,Rawalpindi,33.613172,73.020312,0391454696,2026-07-02
Lisa Barnes,O+,Multan,30.150361,71.561585,0347360307,2026-02-27
Kelly Donovan,O-,Rawalpindi,33.56057,73.00065,0348072684,2026-04-06
Mike Allen,O+,Islamabad,33.681431,73.072802,0354761823,2026-07-09
Michael Evans,O+,Multan,30.111526,71.478003,0303556551,2026-04-13
Paul Jones,A-,Rawalpindi,33.562456,72.978339,0375299055,2026-02-06
Zachary Ferrell,B+,Rawalpindi,33.575689,73.063273,0326218367,2026-06-19
Daniel Baker,B+,Peshawar,33.967668,71.506096,0367654757,2026-05-04
Shirley Suarez,O+,Islamabad,33.69361,73.080957,0343030966,2025-10-28
Christopher Bass,A+,Islamabad,33.66912,73.040738,0386724909,2026-08-07
Lisa Archer,B-,Karachi,24.892933,66.961654,0373566765,2026-01-03
Aimee Montoya,O+,Rawalpindi,33.58848,73.063447,0389111742,2025-12-18
Matthew Mcmillan,O+,Karachi,24.893273,67.010347,0332453962,2026-03-24
Brian Rodriguez,A+,Karachi,24.835086,66.997571,0366643798,2026-07-30
Denise Jacobs,O+,Karachi,24.895795,66.969284,0346709938,2026-03-23
Christina Walters,O+,Peshawar,34.035218,71.502527,0332436347,2026-04-12
John Whitehead,O+,Multan,30.148143,71.530418,0379234615,2025-12-27
Anna Henderson,B+,Islamabad,33.643705,73.02006,0347191135,2025-12-14
Aaron Wise,B+,Peshawar,34.018192,71.51745,0356902401,2025-12-24
Deborah Figueroa,B+,Lahore,31.501062,74.331754,0353005795,2025-11-12
Jessica Smith,A+,Multan,30.126015,71.496538,0399801946,2026-03-22
Stephen Mckee,A+,Islamabad,33.717663,73.027525,0341237370,2025-11-13
Sandra Aguilar,A+,Rawalpindi,33.542531,73.064329,0329235577,2026-06-22
Cameron Parker,A+,Islamabad,33.691806,73.04484,0321861958,2026-04-06
Rebecca Valencia,A+,Karachi,24.822109,66.957634,0391899411,2026-05-28
Christine Wright,O+,Rawalpindi,33.596214,73.061813,0332987287,2025-11-01
Richard Henson,O+,Karachi,24.871332,67.030174,0387381684,2025-12-26
Marc Moore,A+,Karachi,24.840435,67.009953,0392010496,2026-06-24
Sharon Cherry,O+,Rawalpindi,33.577652,72.993365,0333916107,2025-11-04
Sierra Johnson,B+,Islamabad,33.650053,73.038752,0375886520,2026-07-28
Evelyn Galvan,O-,Rawalpindi,33.54391,72.995172,0314916201,2026-03-31
Sharon Cochran,O+,Multan,30.166479,71.555291,0314771676,2026-05-29
Richard Rodriguez,O+,Lahore,31.553063,74.315841,0345842082,2026-01-01
Shannon Walker,A+,Islamabad,33.68127,73.028309,0349396529,2025-11-10
Julia Torres,O-,Karachi,24.854476,67.010904,0355200476,2026-07-31
Crystal Johnson,O-,Islamabad,33.657292,73.06533,0391348050,2026-03-29
Garrett Lin,A+,Peshawar,33.969123,71.550527,0375666692,2026-05-13
Diana May,B-,Peshawar,34.008688,71.556324,0376837817,2026-01-16
William Herrera,O+,Lahore,31.502506,74.31916,0369312590,2026-03-19
Ashley Waller,A+,Multan,30.202019,71.556257,0372477398,2026-03-05
Victor Baker,A+,Lahore,31.502727,74.405718,0381019311,2025-11-09
Jeffrey Chandler,A+,Karachi,24.852025,66.969858,0378416216,2026-07-18
Larry Dixon,O+,Rawalpindi,33.541806,72.980001,0373037191,2026-07-30
Kenneth Scott,O+,Multan,30.168387,71.49883,0381229419,2025-11-04
April Frost,A-,Karachi,24.820021,67.050326,0372970754,2026-05-27
Michelle Harmon,B+,Karachi,24.903965,66.980286,0369094999,2025-12-15
Helen Jones,O+,Rawalpindi,33.560779,72.981364,0399526867,2026-06-05
Erin Edwards,A+,Islamabad,33.662025,73.076901,0385482413,2026-08-12
Michelle Evans,A+,Lahore,31.543005,74.392448,0373493017,2025-12-28
Jason Powell,B+,Peshawar,34.013534,71.508144,0368639414,2026-03-02
Cameron Fisher,A+,Rawalpindi,33.613177,72.990781,0361732280,2026-03-04
Megan Orr,A+,Multan,30.154798,71.566243,0329310235,2026-07-26
Elizabeth Kelley,O-,Rawalpindi,33.565329,73.025918,0372672884,2025-11-17
Dustin Jordan,O-,Karachi,24.812235,66.965516,0322255409,2025-12-16
Mary Marshall,A+,Lahore,31.504256,74.37797,0359952696,2026-01-31
Daniel Kennedy,A+,Lahore,31.53308,74.397444,0381602286,2026-07-09
Rebecca Jackson,AB-,Rawalpindi,33.578216,73.058993,0318280833,2026-06-24
Jose Schultz,O+,Multan,30.177889,71.484951,0341485654,2026-07-21
Robert Potter,A+,Lahore,31.550014,74.338037,0325096953,2025-11-15
Courtney Gonzalez,O+,Karachi,24.867293,67.030352,0317418028,2026-04-12
David Alvarez,A+,Karachi,24.901983,66.965412,0348710313,2026-04-05
Angel Perry,A-,Multan,30.10844,71.555363,0383650391,2026-07-07
Cheyenne Horton,O+,Karachi,24.905224,67.049865,0365195951,2025-12-23
David Douglas Jr.,A+,Lahore,31.490322,74.347169,0337398231,2025-10-25
Patricia Rodriguez,O+,Lahore,31.527881,74.407969,0365605016,2026-08-09
Christopher Rubio,B-,Peshawar,34.051607,71.552731,0399333700,2026-03-20
Amber Wright,A+,Rawalpindi,33.575806,73.002132,0395204819,2026-06-04
Joyce Solis,O+,Multan,30.117216,71.537646,0371559763,2025-10-21
Victoria Larson,O+,Lahore,31.543636,74.317713,0363946751,2026-05-03
Stephanie Salazar,A+,Rawalpindi,33.593751,73.054546,0385572250,2026-05-21
Kathy Rivas,B-,Lahore,31.561805,74.403119,0346682698,2026-06-16
Stephanie Manning,B-,Karachi,24.906989,66.965176,0367136687,2026-06-28
David Wright,A+,Karachi,24.812092,67.004757,0347392547,2026-02-04
Pamela Boyd,A+,Islamabad,33.701884,73.045048,0386503032,2026-04-22
Denise Jones,A-,Multan,30.113822,71.557286,0347850067,2026-06-15
Devon Flores,AB-,Rawalpindi,33.519635,72.970621,0312630611,2026-04-15
Brenda Hall,B+,Peshawar,33.978666,71.520264,0388031780,2026-05-26
Michelle Brown,A+,Karachi,24.876192,67.034469,0341548888,2026-02-05
Joshua Perry,O-,Rawalpindi,33.559438,73.061956,0317162857,2025-11-08
Jason Stein,O+,Multan,30.143367,71.514714,0318628891,2026-06-28
Melissa Gates,B-,Multan,30.128711,71.538849,0306595355,2026-04-11
Jamie Smith,AB+,Rawalpindi,33.593798,72.987421,0384475523,2026-04-25
Paul Castaneda,A-,Rawalpindi,33.547956,72.981655,0305651899,2026-05-31
Jennifer Adkins,O+,Rawalpindi,33.569122,73.046751,0303211291,2026-08-06
Lindsey Walker,O+,Lahore,31.549398,74.332493,0325452128,2026-07-18
Jeffrey Johnson,B+,Rawalpindi,33.589272,73.019509,0378520810,2026-02-09
Michael Powell,O+,Peshawar,34.024467,71.520101,0391727544,2025-11-20
John Anderson,O+,Lahore,31.516204,74.405103,0377738019,2026-01-07
Alyssa Long,A+,Multan,30.118296,71.54614,0316404139,2026-05-30
Alyssa Day,A+,Islamabad,33.647019,73.060332,0357390515,2025-11-15
Joel Williams,O+,Lahore,31.515772,74.369243,0314607488,2026-01-05
Daniel Murphy,AB+,Karachi,24.899509,66.992481,0367979148,2026-06-26
Jamie Walton,A+,Lahore,31.513076,74.375211,0328956894,2026-07-10
Darlene Miller,O+,Islamabad,33.717577,73.007223,0353182975,2025-11-02
Joshua Cooke,O+,Islamabad,33.693047,73.054059,0317892225,2026-02-13
Matthew Harrington,A-,Multan,30.201613,71.517194,0305825620,2026-03-07
Nicole Herring,O+,Lahore,31.48076,74.359441,0374762204,2026-06-19
Alex Hernandez,B+,Lahore,31.554937,74.345456,0394794319,2026-01-06
Michael Elliott,A+,Peshawar,34.062555,71.556743,0381440466,2026-03-30
Michael Wang,O+,Islamabad,33.652442,73.06817,0356889195,2026-08-10
Lawrence Adkins,A+,Rawalpindi,33.602086,73.023532,0321514340,2026-06-28
Robert Oconnell,A+,Multan,30.160548,71.512519,0327208460,2026-03-07
Alexander Collins,A+,Multan,30.139938,71.569041,0303610197,2026-05-25
Tina Sanders,A+,Peshawar,33.970076,71.483058,0369148051,2025-12-30
Angela Vaughn,O+,Karachi,24.838017,67.026594,0362860421,2026-03-21
Ashley Barton,B+,Multan,30.175349,71.523563,0304699685,2026-01-23
Lindsay Martinez,A-,Peshawar,33.970578,71.495342,0325286905,2026-03-18
Dr. Hannah Patterson,A+,Lahore,31.482398,74.358439,0327378822,2025-11-14
Jonathan Peterson,B+,Multan,30.130511,71.530772,0352209226,2026-01-22
Samantha Garcia,A-,Multan,30.11173,71.476774,0358202195,2025-10-24
Madison Poole,O+,Karachi,24.88165,66.992869,0306448705,2026-05-18
Jessica Gross,A+,Peshawar,34.01111,71.543861,0362776088,2026-04-11
Debra Morton,A+,Karachi,24.869587,67.003496,0346696087,2026-04-22
Karen Graham,A+,Lahore,31.548312,74.316338,0389555575,2026-05-06
Debra Christian,A+,Lahore,31.50551,74.404522,0324963933,2026-06-22
Angelica Keith,O+,Rawalpindi,33.540697,72.98425,0313972018,2025-12-04
John Bishop,A+,Karachi,24.886145,67.027088,0396422534,2026-03-05
Allen Rosales,A+,Rawalpindi,33.559076,73.013792,0341942411,2026-02-14
Daniel Salinas,O+,Peshawar,33.972519,71.521074,0355816353,2026-07-05
Spencer Haynes,A+,Multan,30.193925,71.560429,0387450545,2025-12-20
Adam Vaughan,O-,Peshawar,34.020532,71.554082,0374158134,2026-03-02
Nathan Freeman,O+,Peshawar,34.012663,71.489986,0316761929,2026-07-01
